{"0x01faf0068c73a6ec18f59f7c0925343755cfec95":{"0x265bef3f2dfc53d4e1480dd864842a3238f0d5ba":0,"0x405a1f78312c708ae61f47f9dc48b7b4973a33be":0,"0x4e647da5317c4e827fa4269b47fd40854551d400":0,"0x5f77d5ae28a7cad800b2d70663bea42c3f3c64e5":2.4366958955234734,"0x840f3b191928f03f202b89b92edb2245d1e4c89b":0,"0xa182c0c2ac0d7cef6923c1785a9bdfb8e58a9c04":0,"0xaf10768046ba793b522832f358214e0938b97734":0,"0xe7f3e21079464fe532dfbdb6621b793b8c43a574":0,"0xec47343e88d755dc8e94aa6f2e0f57c34e84befc":0,"0xefdd9fb3355c684774e429e4d371ca951416b196":4.856684509634546,"0xfe2db7e69410b6bb2eee10d7e1ee749198fb972c":0.11783687520795369},"0xfc48e380830c6c818e56a602080ee4bb1757df11":{"0x17f035db2045aeda6a07cdacf2da5c1a3c1db4d0":0,"0x23d0e0758e5c082fa0c7f77fcb3952d1becbecc9":0.10755287957567747,"0x3623c7a7db0421955cc05a420ac2e142f9cb6007":0,"0x4ec6673d281df7869cc54f6a972db2bfa1d7a90e":0,"0x62a3394a645adaf1f5ea9fb12e7fa3da74167745":0,"0x7027d37e6782fca429c2bb5911ace3c35e1dfcfb":0.27986617646398343,"0x79ac8694dafda5668176fccccecda2ac71de89ce":0.29608188306044414,"0x7cfd3b87440d63f5775deda62495cb7868238b9a":0,"0x95881f8185434b30c083e2c416ebd7b3b874abc5":0,"0xa57ed6e54be8125bbe45d6ca330e45ebb71ef11e":5.106020493342696,"0xb4f8ae8d7d29ac74894cd40ecc24e50f6f146ca6":1.6801381085939768,"0xcc487c6ea67885243192a3da4c582d5cc41ac987":0}}